Month,Day,mean,std,Water_Vapor_Risk_Threshold,Historical_Prob_%,Theoretical_Risk_Prob_%
1,1,-1248.15574991875,3535.8750904987123,5823.5944310786745,0.0,2.27501319481792
1,2,1.91212509,0.6828466886121457,3.277818467224291,0.0,2.27501319481792
1,3,2.0968750975,0.629397118663681,3.355669334827362,0.0,2.27501319481792
1,4,-1248.139749916625,3535.881600867307,5823.623451817989,0.0,2.27501319481792
1,5,-3748.28412493625,5176.084503328034,6603.884881719818,0.0,2.27501319481792
1,6,2.6422501274999997,1.0019073368295393,4.646064801159078,0.0,2.27501319481792
1,7,-1247.96324990875,3535.9528657061537,5823.942481503557,0.0,2.27501319481792
1,8,-2498.3503749349998,4629.501524175833,6760.6526734166655,0.0,2.27501319481792
1,9,-2498.2087499262498,4629.58889122692,6760.969032527591,0.0,2.27501319481792
1,10,-2498.147999925,4629.626385389098,6761.104770853195,0.0,2.27501319481792
1,11,-1248.25474992125,3535.835050450433,5823.415350979616,0.0,2.27501319481792
1,12,-3748.3009999375,5176.070535382615,6603.84007082773,0.0,2.27501319481792
1,13,-6248.4691249575,5176.224388756256,4103.979652555013,0.0,2.27501319481792
1,14,-2498.19487492625,4629.5974448364805,6761.000014746711,0.0,2.27501319481792
1,15,2.10462509875,0.5203751467646757,3.1453753922793517,0.0,2.27501319481792
1,16,1.9673750937499999,0.4406047805877577,2.8485846549255154,0.0,2.27501319481792
1,17,-3748.18574993125,5176.165963365425,6604.146176799601,0.0,2.27501319481792
1,18,-1247.90462490625,3535.9765628297973,5824.048500753344,0.0,2.27501319481792
1,19,-1247.77937490125,3536.0271410407404,5824.274907180231,0.0,2.27501319481792
1,20,-2498.33012493125,4629.513983994576,6760.697843057902,0.0,2.27501319481792
1,21,-6248.6564999648745,5175.96579446151,4103.275088958146,0.0,2.27501319481792
1,22,-1248.175999918625,3535.866906306326,5823.557812694027,0.0,2.27501319481792
1,23,-4998.57074995625,5345.68374411284,5692.79673826943,0.0,2.27501319481792
1,24,2.226625105625,0.9640105577166203,4.154646221058241,0.0,2.27501319481792
1,25,-2498.04862491875,4629.687713921356,6761.326802923961,0.0,2.27501319481792
1,26,-2498.26362493,4629.55502725608,6760.846429582161,0.0,2.27501319481792
1,27,-2498.24412492875,4629.5670958007895,6760.89006667283,0.0,2.27501319481792
1,28,-1248.13924991625,3535.881731704207,5823.624213492164,0.0,2.27501319481792
1,29,1.779625085,0.40197974126813957,2.583584567536279,0.0,2.27501319481792
1,30,-3748.12087492875,5176.219687694023,6604.318500459297,0.0,2.27501319481792
1,31,-1247.5977498912498,3536.1005292180857,5824.603308544922,0.0,2.27501319481792
2,1,-4998.2641249425,5346.0115269110875,5693.758928879675,0.0,2.27501319481792
2,2,-1247.74212489625,3536.0422940849076,5824.342463273565,0.0,2.27501319481792
2,3,-3748.12862492875,5176.2132887462885,6604.2979525638275,0.0,2.27501319481792
2,4,-3747.96887492125,5176.3455619834285,6604.722249045607,0.0,2.27501319481792
2,5,-2497.842499909375,4629.815036702967,6761.787573496558,0.0,2.27501319481792
2,6,-2497.54987489625,4629.995589479325,6762.4413040623995,0.0,2.27501319481792
2,7,-1247.9348749062501,3535.964305737994,5823.993736569738,0.0,2.27501319481792
2,8,-2498.167124925,4629.614599146014,6761.062073367029,0.0,2.27501319481792
2,9,-1247.9834999125,3535.944683458124,5823.905867003748,0.0,2.27501319481792
2,10,-3748.216624935,5176.140420279084,6604.064215623168,0.0,2.27501319481792
2,11,-2497.9136249125,4629.771059693227,6761.628494473953,0.0,2.27501319481792
2,12,-4998.23374994,5346.04400305011,5693.854256160221,0.0,2.27501319481792
2,13,-2498.07937492125,4629.668735373813,6761.258095826377,0.0,2.27501319481792
2,14,-2498.1243749225,4629.640968462555,6761.157562002611,0.0,2.27501319481792
2,15,-1247.68487489625,3536.0653284187083,5824.445781941166,0.0,2.27501319481792
2,16,-1247.66099989375,3536.074983285716,5824.488966677682,0.0,2.27501319481792
2,17,-2497.89249991125,4629.784084495096,6761.6756690789425,0.0,2.27501319481792
2,18,-4998.12112493375,5346.164399932212,5694.207674930674,0.0,2.27501319481792
2,19,-4998.303374942499,5345.969588251411,5693.635801560322,0.0,2.27501319481792
2,20,-2497.5167498925,4630.016001630702,6762.515253368903,0.0,2.27501319481792
2,21,-2498.0576249187498,4629.682185625589,6761.306746332429,0.0,2.27501319481792
2,22,2.39350011375,0.4950094036841268,3.3835189211182537,0.0,2.27501319481792
2,23,-1247.862499905,3535.9935265081795,5824.124553111359,0.0,2.27501319481792
2,24,-2498.0304999175,4629.698903216501,6761.367306515502,0.0,2.27501319481792
2,25,-3748.2154999325003,5176.141326129155,6604.067152325809,0.0,2.27501319481792
2,26,-4998.48749995125,5345.772733505399,5693.057967059547,0.0,2.27501319481792
2,27,-6248.34149995125,5176.400533730641,4104.459567510032,0.0,2.27501319481792
2,28,-4998.36249994625,5345.906355573134,5693.450211200017,0.0,2.27501319481792
2,29,2.003000095,0.2800142924209405,2.563028679841881,0.0,2.27501319481792
3,1,-1248.00712491125,3535.9351115313225,5823.863098151395,0.0,2.27501319481792
3,2,-2498.0068749175,4629.7135049906165,6761.420135063732,0.0,2.27501319481792
3,3,-1247.9347499075,3535.9643731132637,5823.993996319027,0.0,2.27501319481792
3,4,-1247.7911248999999,3536.022384190729,5824.253643481458,0.0,2.27501319481792
3,5,-2497.77124990625,4629.858963379593,6761.9466768529355,0.0,2.27501319481792
3,6,-3748.502874946625,5175.903392002155,6603.303909057684,0.0,2.27501319481792
3,7,-3747.94549992125,5176.364917865292,6604.784335809334,0.0,2.27501319481792
3,8,-4998.40887494875,5345.85678359533,5693.30469224191,0.0,2.27501319481792
3,9,-2497.96749991625,4629.73781691501,6761.50813391377,0.0,2.27501319481792
3,10,-1247.7914999025,3536.0222511371335,5824.253002371767,0.0,2.27501319481792
3,11,-1247.6142498924999,3536.0938906499255,5824.573531407351,0.0,2.27501319481792
3,12,-3747.8638749175,5176.432517768555,6605.001160619609,0.0,2.27501319481792
3,13,-6248.25187494625,5176.524259853066,4104.796644759882,0.0,2.27501319481792
3,14,-3747.7682499125,5176.511734379946,6605.255218847391,0.0,2.27501319481792
3,15,-3747.9721249225,5176.342877866791,6604.713630811082,0.0,2.27501319481792
3,16,-1247.5003748875,3536.139911889932,5824.779448892365,0.0,2.27501319481792
3,17,-3747.3018748875,5176.897936844269,6606.493998801037,0.0,2.27501319481792
3,18,-4997.44262490125,5346.889764795131,5696.336904689011,0.0,2.27501319481792
3,19,-7498.27324995375,4630.446178512779,1762.6191070718078,0.0,2.27501319481792
3,20,-3747.09737487875,5177.067285725102,6607.037196571454,0.0,2.27501319481792
3,21,-2497.530874895,4630.007282711147,6762.483690527294,0.0,2.27501319481792
3,22,-3747.88049991625,5176.418751149956,6604.957002383662,0.0,2.27501319481792
3,23,-6248.24687494625,5176.531112243866,4104.815349541483,0.0,2.27501319481792
3,24,-2497.5537498950002,4629.9932189575275,6762.432688020055,0.0,2.27501319481792
3,25,-6248.33937495,5176.403452606105,4104.46753026221,0.0,2.27501319481792
3,26,-1247.20887487375,3536.257753817504,5825.306632761259,0.0,2.27501319481792
3,27,-1246.74312485125,3536.4459197745227,5826.148714697795,0.0,2.27501319481792
3,28,-3747.68587490875,5176.579921018554,6605.473967128359,0.0,2.27501319481792
3,29,-3747.24912488625,5176.941633258831,6606.634141631412,0.0,2.27501319481792
3,30,-3747.31762489125,5176.8848899099685,6606.452154928687,0.0,2.27501319481792
3,31,-4997.5983749100005,5346.723311137933,5695.848247365865,0.0,2.27501319481792
4,1,-4997.93437492625,5346.364089430064,5694.793803933879,0.0,2.27501319481792
4,2,-4998.27787494125,5345.996848710307,5693.715822479364,0.0,2.27501319481792
4,3,-3747.9273749199997,5176.379924618179,6604.832474316358,0.0,2.27501319481792
4,4,-2497.46987489,4630.044941158192,6762.620007426384,0.0,2.27501319481792
4,5,-4998.01949993,5346.273045559404,5694.526591188807,0.0,2.27501319481792
4,6,3.13587514875,0.8933974803985636,4.922670109547127,0.0,2.27501319481792
4,7,-3747.10362487875,5177.062129406512,6607.020633934275,0.0,2.27501319481792
4,8,-2497.3171248837502,4630.139234857848,6762.961344831947,0.0,2.27501319481792
4,9,-1246.82024985375,3536.4147878975205,5826.009325941291,0.0,2.27501319481792
4,10,-2497.26624988125,4630.170613850064,6763.074977818878,0.0,2.27501319481792
4,11,3.76662518,0.7692157666072272,5.305056713214455,0.0,2.27501319481792
4,12,-1246.8789998574998,3536.3909544671355,5825.902909076771,0.0,2.27501319481792
4,13,-2497.02537487125,4630.319315543638,6763.613256216027,0.0,2.27501319481792
4,14,-3746.7326248625,5177.3692975249105,6608.0059701873215,0.0,2.27501319481792
4,15,-2496.50312484625,4630.641650074197,6764.780175302144,0.0,2.27501319481792
4,16,-1246.13562482125,3536.6914502299787,5827.247275638707,0.0,2.27501319481792
4,17,-1246.32987483125,3536.6129544181035,5826.896034004957,0.0,2.27501319481792
4,18,-2496.075874825,4630.9053691835925,6765.734863542185,0.0,2.27501319481792
4,19,-2496.6181248525,4630.570651348044,6764.523177843587,0.0,2.27501319481792
4,20,4.62425022,0.807995395107105,6.240241010214211,0.0,2.27501319481792
4,21,-1245.67987480125,3536.8755030144835,5828.071131227717,0.0,2.27501319481792
4,22,-1246.0221248175,3536.737219919198,5827.452315020896,0.0,2.27501319481792
4,23,-1246.0477498174998,3536.726862209606,5827.405974601713,0.0,2.27501319481792
4,24,-1246.36187483125,3536.5999441200024,5826.838013408755,0.0,2.27501319481792
4,25,-1245.961249815,3536.7618277286433,5827.562405642287,0.0,2.27501319481792
4,26,-2496.296749835,4630.769081534768,6765.241413234536,0.0,2.27501319481792
4,27,-3746.58887485625,5177.488340133018,6608.387805409786,0.0,2.27501319481792
4,28,-3746.47837485125,5177.579872673236,6608.681370495223,0.0,2.27501319481792
4,29,-3746.66924986,5177.421836332019,6608.174422804037,0.0,2.27501319481792
4,30,-3746.36599984625,5177.672942701403,6608.979885556557,0.0,2.27501319481792
5,1,5.3155002525,1.1156998328915748,7.546899918283149,0.0,2.27501319481792
5,2,-1245.33662478375,3537.0142159966967,5828.691807209643,0.0,2.27501319481792
5,3,-2495.8843748150002,4631.023530903865,6766.16268699273,0.0,2.27501319481792
5,4,-2495.8958748175,4631.016476466576,6766.137078115652,0.0,2.27501319481792
5,5,-2495.7959998125,4631.078135096802,6766.360270381103,0.0,2.27501319481792
5,6,-2495.96824982,4630.972007470478,6765.975765120957,0.0,2.27501319481792
5,7,-1245.7488748025,3536.8478004168282,5827.946726031157,0.0,2.27501319481792
5,8,-2496.268124835,4630.786855236632,6765.305585638263,0.0,2.27501319481792
5,9,-1244.9316247650002,3537.1780280175976,5829.424431270195,0.0,2.27501319481792
5,10,-2495.6247498049997,4631.18381238826,6766.74287497152,0.0,2.27501319481792
5,11,-1244.81287475875,3537.2258500181547,5829.63882527756,0.0,2.27501319481792
5,12,-1245.02387477,3537.1407584049775,5829.257642039955,0.0,2.27501319481792
5,13,6.019250285,1.6304696648774915,9.280189614754983,0.0,2.27501319481792
5,14,-1244.725124755,3537.261376559394,5829.797628363788,0.0,2.27501319481792
5,15,6.2770002975,1.4670717877478658,9.21114387299573,0.0,2.27501319481792
5,16,6.10512528875,0.9307821157624464,7.966689520274893,0.0,2.27501319481792
5,17,-3746.2649998399997,5177.756573209107,6609.248146578215,0.0,2.27501319481792
5,18,-1244.7686247575,3537.2438759360443,5829.719127114588,0.0,2.27501319481792
5,19,-4996.872249875,5347.499700393008,5698.1271509110165,0.0,2.27501319481792
5,20,-2494.8231247662497,4631.678717619983,6768.534310473717,0.0,2.27501319481792
5,21,-2495.2093747825,4631.440145040886,6767.670915299272,0.0,2.27501319481792
5,22,-2495.03987477625,4631.544852593421,6768.049830410591,0.0,2.27501319481792
5,23,-3746.13362483375,5177.865317686316,6609.597010538882,0.0,2.27501319481792
5,24,-1244.45624974375,3537.3700580378345,5830.283866331919,0.0,2.27501319481792
5,25,-3745.51087480375,5178.3810006922695,6611.251126580789,0.0,2.27501319481792
5,26,-2494.90499977,4631.6281135606205,6768.351227351241,0.0,2.27501319481792
5,27,-1244.09337472625,3537.5165309267495,5830.939687127249,0.0,2.27501319481792
5,28,-6246.9238748825,5178.357028478316,4109.790182074133,0.0,2.27501319481792
5,29,-6246.84012488,5178.472607826914,4110.105090773828,0.0,2.27501319481792
5,30,-3745.0264997825,5178.782093658184,6612.537687533868,0.0,2.27501319481792
5,31,-2494.4192497475,4631.9278215688955,6769.436393390291,0.0,2.27501319481792
6,1,-2494.62212475625,4631.802634059025,6768.9831433618,0.0,2.27501319481792
6,2,-4996.3922498525,5348.012686685133,5699.633123517767,0.0,2.27501319481792
6,3,-1243.96299971875,3537.569261731094,5831.175523743437,0.0,2.27501319481792
6,4,-2494.95224977125,4631.598942820768,6768.245635870286,0.0,2.27501319481792
6,5,-4995.91774982875,5348.520086912819,5701.122423996889,0.0,2.27501319481792
6,6,-3745.0039997824997,5178.8007263374975,6612.597452892495,0.0,2.27501319481792
6,7,-4995.814499825,5348.630300048883,5701.446100272767,0.0,2.27501319481792
6,8,-2494.5364997525,4631.855448483377,6769.174397214254,0.0,2.27501319481792
6,9,-2494.44474974875,4631.912073364329,6769.379396979909,0.0,2.27501319481792
6,10,-3745.5552498075,5178.3442670606355,6611.133284313772,0.0,2.27501319481792
6,11,-3745.39724979875,5178.475120760881,6611.552991723011,0.0,2.27501319481792
6,12,-3745.1352497875,5178.692057898593,6612.248866009686,0.0,2.27501319481792
6,13,-3745.39049979875,5178.480648184507,6611.570796570264,0.0,2.27501319481792
6,14,-6246.63937487,5178.749691834868,4110.860008799736,0.0,2.27501319481792
6,15,-3744.9496247775,5178.845830406413,6612.742036035326,0.0,2.27501319481792
6,16,-4996.228874845,5348.18733672872,5700.14579861244,0.0,2.27501319481792
6,17,-2494.44974974875,4631.909014713076,6769.368279677403,0.0,2.27501319481792
6,18,-3745.44187480125,5178.43822841059,6611.4345820199305,0.0,2.27501319481792
6,19,-1244.31037473375,3537.4288784900195,5830.547382246289,0.0,2.27501319481792
6,20,-2494.6631247574996,4631.777399775155,6768.89167479281,0.0,2.27501319481792
6,21,-2494.9576247725,4631.595613778003,6768.233602783506,0.0,2.27501319481792
6,22,-2495.5726248012497,4631.215992203065,6766.85935960488,0.0,2.27501319481792
6,23,-3745.72024981375,5178.2076142407,6610.6949786676505,0.0,2.27501319481792
6,24,-2494.8846247675,4631.6405985124475,6768.396572257395,0.0,2.27501319481792
6,25,-4995.8701248275,5348.570839411585,5701.271553995671,0.0,2.27501319481792
6,26,-7497.34862491,4632.15827202515,1766.9679191403002,0.0,2.27501319481792
6,27,-6246.5998748675,5178.804184447759,4111.0084940280185,0.0,2.27501319481792
6,28,-6247.0136248875,5178.233171718351,4109.452718549202,0.0,2.27501319481792
6,29,-6247.19349989625,5177.984930062745,4108.77636022924,0.0,2.27501319481792
6,30,-6247.371124905,5177.739758125672,4108.1083913463435,0.0,2.27501319481792
7,1,-3746.149874835,5177.851829467443,6609.553784099886,0.0,2.27501319481792
7,2,-2495.035749775,4631.547312165533,6768.058874556066,0.0,2.27501319481792
7,3,-1244.3234997362501,3537.423548262009,5830.523596787767,0.0,2.27501319481792
7,4,-3329.364888716667,5002.226403533247,6675.087918349827,0.0,2.27501319481792
7,5,-5552.3811109866665,5273.041436704321,4993.701762421976,0.0,2.27501319481792
7,6,-5552.0847776400005,5273.392821696763,4994.700865753526,0.0,2.27501319481792
7,7,6.5773336477777775,0.9726481062358414,8.52262986024946,0.0,2.27501319481792
7,8,-4440.642222062223,5273.12120601196,6105.600189961697,0.0,2.27501319481792
7,9,-4440.694110954445,5273.071991628345,6105.449872302245,0.0,2.27501319481792
7,10,-2216.803555308889,4412.090786095625,6607.378016882361,0.0,2.27501319481792
7,11,-4440.005222031111,5273.725541057221,6107.44586008333,0.0,2.27501319481792
7,12,-4440.302999825555,5273.443078984451,6106.583158143347,0.0,2.27501319481792
7,13,-2217.0589997644443,4411.945975563649,6606.832951362854,0.0,2.27501319481792
7,14,-1105.0612219411112,3335.227236117653,5565.393250294194,0.0,2.27501319481792
7,15,-4440.546333168889,5273.212300646324,6105.87826812376,0.0,2.27501319481792
7,16,-4440.6816665100005,5273.0838652592365,6105.486064008473,0.0,2.27501319481792
7,17,-6664.016111016666,5002.47590534915,3340.935699681633,0.0,2.27501319481792
7,18,-5552.288666537777,5273.151025835287,4994.013385132797,0.0,2.27501319481792
7,19,-3328.3883331155557,5002.958813629152,6677.529294142749,0.0,2.27501319481792
7,20,-3328.6202220144446,5002.784905571168,6676.949589127891,0.0,2.27501319481792
7,21,-3328.6505553488887,5002.762140332921,6676.873725316954,0.0,2.27501319481792
7,22,-6664.013555461111,5002.479710363295,3340.9458652654803,0.0,2.27501319481792
7,23,-4440.513333167778,5273.243552761883,6105.973772355987,0.0,2.27501319481792
7,24,-4440.652333175556,5273.111754399956,6105.571175624356,0.0,2.27501319481792
7,25,-5552.551888772222,5272.83884543247,4993.125802092719,0.0,2.27501319481792
7,26,-1105.6838886366668,3334.9936188632396,5564.303349089812,0.0,2.27501319481792
7,27,-1105.3881108444446,3335.1046935768795,5564.821276309314,0.0,2.27501319481792
7,28,-4440.68666651,5273.079061487248,6105.4714564644955,0.0,2.27501319481792
7,29,-3328.5147775644446,5002.863956719905,6677.213135875366,0.0,2.27501319481792
7,30,-4996.14624984,5348.275647728353,5700.405045616706,0.0,2.27501319481792
7,31,-6246.84149988,5178.470751162922,4110.100002445844,0.0,2.27501319481792
8,1,-3745.930749825,5178.033295543572,6610.135841262145,0.0,2.27501319481792
8,2,-3746.0866248325,5177.904211825264,6609.721798818027,0.0,2.27501319481792
8,3,-2494.87074977,4631.649155841682,6768.427561913364,0.0,2.27501319481792
8,4,-3745.81262481875,5178.131144246745,6610.44966367474,0.0,2.27501319481792
8,5,-3745.45437480125,5178.427781511818,6611.401188222385,0.0,2.27501319481792
8,6,-4996.03424983625,5348.395369269624,5700.7564887029985,0.0,2.27501319481792
8,7,-7775.523222152223,4412.074951977485,1048.626681802748,0.0,2.27501319481792
8,8,-3328.3055553322224,5003.020858973462,6677.736162614701,0.0,2.27501319481792
8,9,-4440.408222052221,5273.343243228003,6106.278264403785,0.0,2.27501319481792
8,10,-6664.028666572222,5002.45701056502,3340.8853545578177,0.0,2.27501319481792
8,11,-6664.150999912223,5002.27358156987,3340.396163227517,0.0,2.27501319481792
8,12,-6663.869777676667,5002.695457928984,3341.5211381813015,0.0,2.27501319481792
8,13,-4440.169555373333,5273.569651498985,6106.9697476246365,0.0,2.27501319481792
8,14,-4440.218333154445,5273.523409293901,6106.828485433357,0.0,2.27501319481792
8,15,-3328.7885553555557,5002.658673840232,6676.528792324909,0.0,2.27501319481792
8,16,-7775.705999938889,4411.712337122376,1047.7186743058628,0.0,2.27501319481792
8,17,-4440.106222036667,5273.629837179893,6107.153452323119,0.0,2.27501319481792
8,18,-5552.629999886666,5272.746209125805,4992.862418364944,0.0,2.27501319481792
8,19,-2217.2291108855557,4411.849493756111,6606.4698766266665,0.0,2.27501319481792
8,20,-2217.609444235555,4411.633797827369,6605.658151419182,0.0,2.27501319481792
8,21,-3328.9945553644448,5002.504109911665,6676.013664458886,0.0,2.27501319481792
8,22,-2217.273666442222,4411.824219049515,6606.374771656808,0.0,2.27501319481792
8,23,-6663.914666567778,5002.628006415514,3341.3413462632507,0.0,2.27501319481792
8,24,-5552.348777652222,5273.079735236489,4993.810692820755,0.0,2.27501319481792
8,25,-4440.380666494445,5273.369404814701,6106.358143134957,0.0,2.27501319481792
8,26,-4440.589777615555,5273.1709584303035,6105.752139245052,0.0,2.27501319481792
8,27,-4440.5903331711115,5273.170451724427,6105.750570277743,0.0,2.27501319481792
8,28,-3328.61788868,5002.786646344761,6676.955404009522,0.0,2.27501319481792
8,29,-4440.44388872,5273.309366278844,6106.174843837688,0.0,2.27501319481792
8,30,-2217.1025553222225,4411.921243041873,6606.739930761523,0.0,2.27501319481792
8,31,-1105.6421108555558,3335.0093113664816,5564.376511877407,0.0,2.27501319481792
9,1,-2217.206444217778,4411.862382295747,6606.518320373716,0.0,2.27501319481792
9,2,-1105.5245552955557,3335.053362478126,5564.582169660696,0.0,2.27501319481792
9,3,-3329.38911094,5002.208176301994,6675.027241663988,0.0,2.27501319481792
9,4,-5552.2464443144445,5273.20104721794,4994.155650121435,0.0,2.27501319481792
9,5,-4440.385999828889,5273.364301078756,6106.342602328624,0.0,2.27501319481792
9,6,-3329.224888711111,5002.3313920455,6675.43789537989,0.0,2.27501319481792
9,7,-1105.598444187778,3335.025671314664,5564.45289844155,0.0,2.27501319481792
9,8,-3329.023888701111,5002.482186588373,6675.9404844756355,0.0,2.27501319481792
9,9,-5552.640888775556,5272.733307554789,4992.825726334021,0.0,2.27501319481792
9,10,-4440.8002220688895,5272.971330139516,6105.142438210142,0.0,2.27501319481792
9,11,-4440.953777633334,5272.82566981797,6104.697562002607,0.0,2.27501319481792
9,12,-4440.930222075555,5272.848003753361,6104.7657854311665,0.0,2.27501319481792
9,13,-4996.67837486625,5347.706815978004,5698.735257089757,0.0,2.27501319481792
9,14,-4440.846888737778,5272.927102528064,6105.007316318351,0.0,2.27501319481792
9,15,-2217.737555353333,4411.561192803364,6605.384830253395,0.0,2.27501319481792
9,16,-1106.0815553222221,3334.8444711384464,5563.607386954671,0.0,2.27501319481792
9,17,-1106.1677775477776,3334.8122164888887,5563.45665543,0.0,2.27501319481792
9,18,-3329.37022205,5002.2223538169965,6675.074485583993,0.0,2.27501319481792
9,19,-2218.1201109266667,4411.344279025694,6604.568447124721,0.0,2.27501319481792
9,20,-2218.1259998155556,4411.340975091349,6604.555950367142,0.0,2.27501319481792
9,21,-1106.7236664644445,3334.6037874117587,5562.483908359073,0.0,2.27501319481792
9,22,4.884111343333334,1.028144305121153,6.94039995357564,0.0,2.27501319481792
9,23,-2218.0662220355557,4411.374986225588,6604.683750415621,0.0,2.27501319481792
9,24,-3329.653555397778,5002.009903659843,6674.366251921909,0.0,2.27501319481792
9,25,-5552.840888785556,5272.49613356402,4992.151378342484,0.0,2.27501319481792
9,26,-3329.247999822222,5002.314095812187,6675.380191802151,0.0,2.27501319481792
9,27,-4441.114110974445,5272.673579746111,6104.233048517776,0.0,2.27501319481792
9,28,-1106.9253331411112,3334.528183820777,5562.131034500443,0.0,2.27501319481792
9,29,-1106.7714442444444,3334.5858529800303,5562.400261715617,0.0,2.27501319481792
9,30,-2218.1671109277777,4411.317793351897,6604.468475776017,0.0,2.27501319481792
10,1,-4441.362777651111,5272.43770598043,6103.512634309749,0.0,2.27501319481792
10,2,-2218.027888698889,4411.396618550022,6604.765348401155,0.0,2.27501319481792
10,3,-3329.832555404444,5001.875656924571,6673.918758444697,0.0,2.27501319481792
10,4,-3329.9328887433335,5001.800395881215,6673.667903019097,0.0,2.27501319481792
10,5,-4441.520555437778,5272.287936683677,6103.055317929576,0.0,2.27501319481792
10,6,5.105111354444444,0.9809697765236092,7.067050907491662,0.0,2.27501319481792
10,7,4.579777993333334,0.6541060588847372,5.887990111102808,0.0,2.27501319481792
10,8,4.565555772222222,1.0404747122993652,6.646505196820952,0.0,2.27501319481792
10,9,4.847000231111111,1.066888633932803,6.9807774989767175,0.0,2.27501319481792
10,10,-1107.12844426,3334.4519862342286,5561.775528208457,0.0,2.27501319481792
10,11,4.672555777777777,0.8714038101907756,6.415363398159329,0.0,2.27501319481792
10,12,4.314777982222222,0.9230761216208923,6.160930225464007,0.0,2.27501319481792
10,13,-1106.693444238889,3334.6150637125543,5562.536683186219,0.0,2.27501319481792
10,14,-3330.1733332,5001.620035931194,6673.066738662388,0.0,2.27501319481792
10,15,-3330.1478887533335,5001.639167430058,6673.130446106781,0.0,2.27501319481792
10,16,-1107.0034442555557,3334.498807313661,5561.994170371767,0.0,2.27501319481792
10,17,-1107.00677759,3334.497595395615,5561.98841320123,0.0,2.27501319481792
10,18,-1107.1335553722222,3334.450053730315,5561.766552088408,0.0,2.27501319481792
10,19,-2218.59122206,4411.077266638295,6603.563311216591,0.0,2.27501319481792
10,20,-1107.3678887166666,3334.362253853379,5561.356618990092,0.0,2.27501319481792
10,21,-2219.1868887566666,4410.7395391230575,6602.292189489448,0.0,2.27501319481792
10,22,-3330.7212221144446,5001.20918471324,6671.697147312035,0.0,2.27501319481792
10,23,3.8096668477777778,0.6414213030164608,5.092509453810699,0.0,2.27501319481792
10,24,-3330.4573332111113,5001.407106032088,6672.356878853066,0.0,2.27501319481792
10,25,-4442.098777687777,5271.739391895423,6101.380006103069,0.0,2.27501319481792
10,26,-3330.5642221055555,5001.326869557614,6672.089517009674,0.0,2.27501319481792
10,27,-2219.2829998711113,4410.685043490289,6602.087087109467,0.0,2.27501319481792
10,28,-2219.260888757778,4410.697593209482,6602.134297661186,0.0,2.27501319481792
10,29,-3330.6037776644444,5001.2973557598625,6671.990933855281,0.0,2.27501319481792
10,30,-5553.409333257778,5271.822053117591,4990.234772977405,0.0,2.27501319481792
10,31,-3331.0663332422223,5000.9502880199425,6670.834242797662,0.0,2.27501319481792
11,1,-3330.913444344444,5001.064945903994,6671.216447463545,0.0,2.27501319481792
11,2,-2219.2761109833336,4410.688959959486,6602.1018089356385,0.0,2.27501319481792
11,3,-3330.63722211,5001.272129761724,6671.907037413447,0.0,2.27501319481792
11,4,-1107.9339998544447,3334.149934459095,5560.365869063746,0.0,2.27501319481792
11,5,3.686333507777778,1.1478288719313385,5.981991251640455,11.11111111111111,2.27501319481792
11,6,3.5941112833333335,1.287203662585319,6.168518608503971,11.11111111111111,2.27501319481792
11,7,3.464777944444444,1.2698144948811545,6.004406934206753,11.11111111111111,2.27501319481792
11,8,3.253333486666667,0.8424346070971929,4.938202700861053,0.0,2.27501319481792
11,9,3.317444601111111,1.0323564696090268,5.382157540329165,0.0,2.27501319481792
11,10,3.3810001611111113,0.9314082539265488,5.243816668964209,0.0,2.27501319481792
11,11,3.6386668388888888,1.2669260630140065,6.172518964916902,11.11111111111111,2.27501319481792
11,12,-1107.6536665077776,3334.2551196810045,5560.856572854232,0.0,2.27501319481792
11,13,3.716222398888889,1.0338869829198518,5.783996364728592,0.0,2.27501319481792
11,14,-1107.9597776333333,3334.140250983528,5560.320724333723,0.0,2.27501319481792
11,15,-3331.0773332422223,5000.942045130123,6670.806757018024,0.0,2.27501319481792
11,16,-3330.6723332222223,5001.245772788197,6671.819212354172,0.0,2.27501319481792
11,17,-1108.5493332155556,3333.9191848039177,5559.28903639228,0.0,2.27501319481792
11,18,-3331.5407777084442,5000.594516526045,6669.648255343645,0.0,2.27501319481792
11,19,-3331.203555471111,5000.8473406198345,6670.491125768558,0.0,2.27501319481792
11,20,-1108.6359998873334,3333.886603517399,5559.137207147465,0.0,2.27501319481792
11,21,2.54600012,0.6181788065560002,3.7823577331120006,0.0,2.27501319481792
11,22,-2219.877333231111,4410.348028633083,6600.818724035055,0.0,2.27501319481792
11,23,-2219.6613332233337,4410.470511946021,6601.279690668709,0.0,2.27501319481792
11,24,-1108.6168887777776,3333.8937050888353,5559.170521399893,0.0,2.27501319481792
11,25,-2220.092444353333,4410.22608247017,6600.359720587006,0.0,2.27501319481792
11,26,-3331.1028887988887,5000.922843265555,6670.74279773222,0.0,2.27501319481792
11,27,-2220.154777691111,4410.190726996805,6600.226676302499,0.0,2.27501319481792
11,28,-1108.8731110088888,3333.797631375626,5558.722151742364,0.0,2.27501319481792
11,29,-1108.7372221144444,3333.848632334931,5558.960042555418,0.0,2.27501319481792
11,30,-2220.1472221344447,4410.195004987949,6600.242787841453,0.0,2.27501319481792
12,1,-1108.8569998988887,3333.803672031707,5558.750344164525,0.0,2.27501319481792
12,2,-2219.9609999033332,4410.300575249002,6600.640150594671,0.0,2.27501319481792
12,3,-2219.855777674444,4410.36023641068,6600.864695146916,0.0,2.27501319481792
12,4,-2220.1231110222225,4410.208688146701,6600.29426527118,0.0,2.27501319481792
12,5,-1108.5273332155555,3333.927355790325,5559.327378365094,0.0,2.27501319481792
12,6,-2219.7642221155556,4410.4122017820455,6601.060181448535,0.0,2.27501319481792
12,7,-3331.118333242222,5000.911274937646,6670.70421663307,0.0,2.27501319481792
12,8,2.3296667782222222,0.9375633760419446,4.2047935303061115,0.0,2.27501319481792
12,9,-2219.848222121111,4410.364540889038,6600.880859656965,0.0,2.27501319481792
12,10,-3331.0281110177775,5000.979014513193,6670.929918008608,0.0,2.27501319481792
12,11,-2219.8526665655554,4410.362131546487,6600.871596527419,0.0,2.27501319481792
12,12,2.41366678,0.9412852044771032,4.296237188954207,11.11111111111111,2.27501319481792
12,13,2.2994445544444444,0.9044425667325591,4.1083296879095625,11.11111111111111,2.27501319481792
12,14,-2219.924666567778,4410.321203641529,6600.717740715279,0.0,2.27501319481792
12,15,-1109.175444357778,3333.684224597161,5558.193004836545,0.0,2.27501319481792
12,16,-1108.9406665666666,3333.772318428454,5558.603970290242,0.0,2.27501319481792
12,17,2.438222337777778,0.6265801879581476,3.691382713694073,11.11111111111111,2.27501319481792
12,18,-2220.2776665855554,4410.1210443839145,6599.964422182274,0.0,2.27501319481792
12,19,2.5811112322222223,0.8713114739206842,4.323734180063591,0.0,2.27501319481792
12,20,-1108.8576665655555,3333.8034450767127,5558.74922358787,0.0,2.27501319481792
12,21,2.260000107888889,0.7947308106889096,3.849461729266708,0.0,2.27501319481792
12,22,-1108.7834443366667,3333.831269160686,5558.879093984706,0.0,2.27501319481792
12,23,2.6872223500000003,0.781542386600405,4.250307123200811,0.0,2.27501319481792
12,24,-1108.820333228889,3333.817477476379,5558.814621723868,0.0,2.27501319481792
12,25,-4442.459555482222,5271.3971704001115,6100.334785318001,0.0,2.27501319481792
12,26,-2220.4265554811113,4410.03662531756,6599.646695154008,0.0,2.27501319481792
12,27,-1109.4736665951111,3333.5724205648626,5557.671174534614,0.0,2.27501319481792
12,28,-2220.6019999333334,4409.937189657199,6599.272379381066,0.0,2.27501319481792
12,29,-2220.5415554855554,4409.971432262211,6599.401309038867,0.0,2.27501319481792
12,30,-3331.9711110628887,5000.27169391095,6668.5722767590105,0.0,2.27501319481792
12,31,-3331.8083332755555,5000.393768700335,6668.979204125115,0.0,2.27501319481792
